﻿<?xml version="1.0" encoding="utf-8" ?>

<Defs>
  <!--
  <SpecialThingFilterDef>
    <defName>SpecialThingFilter_NR_AutoMachineTool_AllowFresh</defName>
    <label>allow fresh</label>
    <description>Allow rottable organic things which have fresh.</description>
    <parentCategory>Root</parentCategory>
    <allowedByDefault>true</allowedByDefault>
    <saveKey>allowFresh</saveKey>
    <workerClass>NR_AutoMachineTool.SpecialThingFilterWorker_Fresh</workerClass>
  </SpecialThingFilterDef>
  -->
</Defs>
