﻿<?xml version="1.0" encoding="utf-8" ?>
<Defs>

  <ThingDef ParentName="BuildingBase">
    <defName>Building_NR_AutoMachineTool_Shield</defName>
    <label>Shield Generator</label>
    <thingClass>NR_AutoMachineTool.Building_Shield</thingClass>
    <description>Protect within range, from bullets, hostile faction DropPod, crashed ship part.</description>
    <graphicData>
      <texPath>NR_AutoMachineTool/Buildings/Shield</texPath>
      <graphicClass>Graphic_Single</graphicClass>
      <drawSize>(1,1)</drawSize>
    </graphicData>
    <constructEffect>ConstructMetal</constructEffect>
    <costList>
      <Steel>500</Steel>
      <Plasteel>300</Plasteel>
      <Uranium>100</Uranium>
      <ComponentSpacer>3</ComponentSpacer>
    </costList>
    <altitudeLayer>Building</altitudeLayer>
    <fillPercent>0.5</fillPercent>
    <useHitPoints>True</useHitPoints>
    <statBases>
      <WorkToBuild>2000</WorkToBuild>
      <MaxHitPoints>180</MaxHitPoints>
      <Flammability>1.0</Flammability>
    </statBases>
    <size>(1,1)</size>
    <designationCategory>NR_AutoMachineTool_DesignationCategory</designationCategory>
    <passability>PassThroughOnly</passability>
    <pathCost>70</pathCost>
    <hasInteractionCell>false</hasInteractionCell>
    <surfaceType>Item</surfaceType>
    <rotatable>false</rotatable>
    <recipes>
    </recipes>
    <comps>
      <li Class="CompProperties_Power">
        <compClass>CompPowerTrader</compClass>
        <basePowerConsumption>0</basePowerConsumption>
        <shortCircuitInRain>false</shortCircuitInRain>
      </li>
      <li Class="CompProperties_Breakdownable"/>
      <li Class="CompProperties_Flickable"/>
    </comps>
    <leaveResourcesWhenKilled>True</leaveResourcesWhenKilled>
    <researchPrerequisites>
      <li>ResearchProject_NR_AutoMachineTool_Shild</li>
    </researchPrerequisites>
    <inspectorTabs>
      <li>NR_AutoMachineTool.ITab_RangePowerSupply</li>
    </inspectorTabs>

    <drawPlaceWorkersWhileSelected>true</drawPlaceWorkersWhileSelected>
    <placeWorkers>
      <li>NR_AutoMachineTool.PlaceWorker_TargetCellsHilight</li>
    </placeWorkers>

    <modExtensions>
      <li Class="NR_AutoMachineTool.ModExtension_AutoMachineTool">
        <targetCellResolverType>NR_AutoMachineTool.Building_ShieldTargetCellResolver</targetCellResolverType>
      </li>
    </modExtensions>
  </ThingDef>
</Defs>