﻿<?xml version="1.0" encoding="utf-8" ?>
<Defs>

  <HediffDef ParentName="DiseaseBase">
    <defName>NR_AutoMachineTool_Hediff_Unconsciousness</defName>
    <label>unconsciousness</label>
    <description>unconsciousness.</description>
    <comps>
      <li Class="HediffCompProperties_Disappears">
        <disappearsAfterTicks>
          <min>15000</min>
          <max>15000</max>
        </disappearsAfterTicks>
      </li>
    </comps>
    <stages>
      <li>
        <capMods>
          <li>
            <capacity>Consciousness</capacity>
            <setMax>0.1</setMax>
          </li>
        </capMods>
      </li>
    </stages>
  </HediffDef>
  
</Defs>